"week","content_type","target_keyword","url","search_intent"
"1","money guide","s9 game latest version","apk/latest-version","Primary ranking page"
"1","faq","how to use s9 game latest version","faq","Question intent"
"2","update","s9 game latest version latest update","updates","Freshness"
"2","support","File Size","apk/file-size","Problem solving"
"3","comparison","s9 game latest version alternative","blog/ranking-review","Comparison intent"
"3","trust","is s9 game latest version safe","blog/search-intent-map","Trust intent"
"4","local","s9 game latest version pakistan","apk/old-version","Regional intent"
"4","maintenance","S9 APK Version Lab weekly check","blog/weekly-check","Update rhythm"
"5","long-tail article","s9 game latest version latest version check","blog/latest-version-check","Long-tail supporting page"
"5","long-tail article","s9 game latest version apk size record","blog/apk-size-record","Long-tail supporting page"
"6","long-tail article","s9 game latest version old version risks","blog/old-version-risks","Long-tail supporting page"
"6","long-tail article","s9 game latest version source safety review","blog/source-safety-review","Long-tail supporting page"
"7","long-tail article","s9 game latest version security scan steps","blog/security-scan-steps","Long-tail supporting page"
"7","long-tail article","s9 game latest version update log method","blog/update-log-method","Long-tail supporting page"
"8","weekly update","s9 game latest version week 01 apk version audit","updates/week-01-apk-version-audit","Freshness and maintenance page"
"8","weekly update","s9 game latest version week 02 file size log","updates/week-02-file-size-log","Freshness and maintenance page"
"9","weekly update","s9 game latest version week 03 source claim review","updates/week-03-source-claim-review","Freshness and maintenance page"
"9","weekly update","s9 game latest version week 04 old version risk check","updates/week-04-old-version-risk-check","Freshness and maintenance page"
"10","weekly update","s9 game latest version week 05 permission scan","updates/week-05-permission-scan","Freshness and maintenance page"
"10","weekly update","s9 game latest version week 06 security wording review","updates/week-06-security-wording-review","Freshness and maintenance page"
"11","weekly update","s9 game latest version week 07 checksum note","updates/week-07-checksum-note","Freshness and maintenance page"
"11","weekly update","s9 game latest version week 08 install source comparison","updates/week-08-install-source-comparison","Freshness and maintenance page"
"12","weekly update","s9 game latest version week 09 faq rewrite","updates/week-09-faq-rewrite","Freshness and maintenance page"
"12","weekly update","s9 game latest version week 10 internal link pass","updates/week-10-internal-link-pass","Freshness and maintenance page"
"13","weekly update","s9 game latest version week 11 serp title test","updates/week-11-serp-title-test","Freshness and maintenance page"
"13","weekly update","s9 game latest version week 12 freshness review","updates/week-12-freshness-review","Freshness and maintenance page"
"sprint-2026-06-13","long-tail support","s9 game latest version latest s9 apk version source check","blog/latest-apk-version-source-check","APK source verification page 1"
"sprint-2026-06-13","long-tail support","s9 game latest version apk permissions to check before installing","blog/apk-permissions-before-install","APK safety checklist page 2"
"sprint-2026-06-13","long-tail support","s9 game latest version old apk version vs latest version: update risk notes","blog/old-apk-version-vs-latest","version comparison page 3"
"register-login-2026-06-13","register-login cluster","s9 game latest version latest version register screen: what changed","blog/latest-version-register-screen","version registration check"
"register-login-2026-06-13","register-login cluster","s9 game latest version check apk source before entering otp","blog/apk-source-before-otp","APK source and OTP safety"
"register-login-2026-06-13","register-login cluster","s9 game latest version email vs phone registration after apk download","blog/email-vs-phone-registration-apk","registration method comparison"
"account-wallet-support-2026-06-13","support cluster","s9 version mismatch before login","blog/version-mismatch-before-login","APK evidence"
"account-wallet-support-2026-06-13","support cluster","apk update and account lock warning","blog/apk-update-account-lock-warning","APK evidence"
"daily-2026-06-14","daily freshness","s9 apk file changed after update","blog/apk-file-changed-after-update","APK update verification"
"pillar-2026-06-14","pillar hub","s9 pakistan apk version","apk-version-hub","APK update verification"
"daily-2026-06-16","daily support page","check s9 apk permissions before otp","blog/check-apk-permissions-before-otp","APK permission and OTP safety"
"serp-intent","SERP intent page","s9 game apk","blog/s9-game-apk-guide-2026-06-17/","apk"
"daily-2026-06-17","long-tail intent","s9 game apk source check pakistan","blog/s9-game-apk-source-check-2026-06-17","daily ranking support"
"daily-2026-06-17","long-tail intent","s9 game apk source and install checklist","blog/s9-game-apk-guide-2026-06-17","daily ranking support"
"daily-2026-06-18","long-tail intent","S9 Game APK Latest Version Check","blog/s9-game-apk-guide-2026-06-18/","intent"
"second-wave-longtail","Support intent page","s9 game apk latest version 2026","blog/s9-apk-latest-version-2026-checks/","apk latest version"
"daily-2026-06-19","long-tail intent","S9 Game APK Latest Version Check","blog/s9-game-apk-guide-2026-06-19/","intent"
"serp-intent","SERP intent page","s9 game apk","blog/s9-game-apk-guide-2026-06-19/","apk"
"serp-intent","SERP intent page","s9 game apk","blog/s9-game-apk-guide-2026-06-20/","apk"
"serp-intent","SERP intent page","s9 game apk","blog/s9-game-apk-guide-2026-06-24/","apk"
"serp-intent","SERP intent page","s9 game apk","blog/s9-game-apk-guide-2026-06-26/","apk"
"competitor-response","Competitor gap response","s9 game apk latest version Pakistan","blog/apk-version-competitor-gap-2026-06-28/","apk-version"
"ranking-push","Competitor gap depth page","s9 apk parse error Pakistan","blog/s9-apk-parse-error-version-check-2026-06-29/","apk-parse-error"
"ranking-push","Competitor gap depth page","s9 apk update failed package conflict","blog/s9-apk-update-failed-package-conflict-2026-06-30/","apk-update-failed"
"ranking-push","Competitor gap depth page","s9 apk parse error Pakistan","blog/s9-apk-parse-error-pakistan-2026-07-01/","apk-parse-error"
"ranking-push","Competitor gap depth page","s9 apk file size mismatch Pakistan","blog/s9-apk-file-size-mismatch-2026-07-02/","apk-file-size-mismatch"
"ranking-push","Competitor gap depth page","s9 apk file size mismatch Pakistan","blog/s9-apk-file-size-mismatch-2026-07-03/","apk-file-size-mismatch"
"ranking-push","Competitor intent depth","s9 game apk","blog/s9-game-apk-latest-version-2026-07-03/","s9-game-apk-latest-version"
"ranking-push","Competitor intent depth","s9 game apk","blog/s9-apk-version-indexing-check-2026-07-04/","s9-game-apk-latest-version"
"ranking-push","Competitor intent depth","s9 game apk","blog/s9-apk-parse-error-source-check-2026-07-05/","s9-game-apk-latest-version"
"ranking-push","Competitor intent depth","s9 game apk","blog/s9-apk-parse-error-source-check-2026-07-07/","s9-game-apk-latest-version"
"ranking-push","Competitor intent depth","s9 game apk","blog/s9-apk-signature-conflict-update-fix-2026-07-09/","s9-game-apk-latest-version"
"ranking-push","Competitor intent depth","s9 game apk","blog/s9-apk-signature-conflict-update-fix-2026-07-10/","s9-game-apk-latest-version"
"ranking-push","Competitor intent depth","s9 game apk","blog/s9-apk-signature-conflict-update-fix-2026-07-11/","s9-game-apk-latest-version"
"14","weekly update","s9 game latest apk version","updates/week-14-apk-version-source-trace/","Freshness and troubleshooting alignment"

